"scenario","seed","seconds","minutes","startingGold","gold","revenue","rewardGold","spending","netCashFlow","grossGoldPerMinute","businessLevel","businessXp","levelTimes","unlockTimes","workers","fieldCount","workerCount","fieldLevels","harvestedRawKg","fieldStockKg","truckKg","collectionKg","factoryRawKg","factoryInputKg","factoryBatches","factoryDryKg","packagingInputKg","packagingBatches","packagedStockUnits","shelfStockUnits","soldUnits","customersSpawned","customersArrived","customersServed","customersLost","activeCustomers","maxActiveCustomers","shelfStockoutFraction","truckUtilization","factoryUtilization","packagingUtilization","harvestQueue","transportQueue","harvestJobs","transportJobs","firstSaleSeconds","firstPositiveNetCashFlowSeconds","earned500Seconds","earned1000Seconds","secondFieldAffordableSeconds","secondFieldBuiltSeconds","tutorialCompletedSeconds","truckCapacityLevel","truckSpeedLevel","collectionCapacityLevel","factorySpeedLevel","packagingSpeedLevel","shelfLevel","interventionSeconds","interventionCost","interventionRevenue","blockedSpending","mainBottleneck","invariantChecks","salesStalledSeconds"
"A_NORMAL","10101","300.0","5.0","15000","4500","2250","0","12750","-10500","450.0","3","201","{""1"":0.0,""2"":39.2,""3"":151.2}","{""field"":0.0,""collection_center"":0.0,""road"":0.0,""well"":0.0,""teaShears"":0.0,""factory"":39.2,""packaging"":39.2,""tea_shop"":39.2,""havva"":39.2,""warehouse"":151.2}","[{""id"":""turhan"",""level"":2,""xp"":80,""nextXp"":100,""equipment"":""teaShears"",""points"":1,""harvestPoints"":0,""movementPoints"":0,""harvestSeconds"":4.901961,""movementSpeed"":2.0,""utilization"":0.21877619446772842,""harvests"":13}]","2","1","[1,1]","325","25","0","0","0","100","2","0","0","2","15","10","15","25","25","15","9","1","2","0.40254652301665034","0.7722222222222223","0.09284332688588008","0.06237816764132553","0","0","13","25","151.2","","181.2","211.2","46.0","181.25","40.5","1","1","1","1","1","1","","","","0","Tarla büyümesi / hammadde","300","8.75"
"A_NORMAL","10101","900.0","15.0","15000","11500","11250","0","14750","-3500","750.0","6","262","{""1"":0.0,""2"":39.2,""3"":151.2,""4"":306.905894,""5"":481.003953,""6"":742.082352}","{""field"":0.0,""collection_center"":0.0,""road"":0.0,""well"":0.0,""teaShears"":0.0,""factory"":39.2,""packaging"":39.2,""tea_shop"":39.2,""havva"":39.2,""warehouse"":151.2,""teaHarvesterMotor"":742.082352}","[{""id"":""turhan"",""level"":4,""xp"":5,""nextXp"":275,""equipment"":""teaShears"",""points"":0,""harvestPoints"":3,""movementPoints"":0,""harvestSeconds"":4.347826,""movementSpeed"":2.0,""utilization"":0.17645421653214585,""harvests"":33},{""id"":""havva"",""level"":3,""xp"":20,""nextXp"":175,""equipment"":""teaShears"",""points"":0,""harvestPoints"":2,""movementPoints"":0,""harvestSeconds"":4.545455,""movementSpeed"":2.0,""utilization"":0.15143369175627241,""harvests"":17}]","2","2","[1,1]","1250","25","25","0","0","0","12","60","0","9","95","10","75","85","85","75","9","1","2","0.12014030985092078","0.9293103448275862","0.13977868375072802","0.0840630472854641","0","1","50","99","151.2","","181.2","211.2","46.0","181.25","40.5","1","2","1","1","1","1","","","","0","Müşteri talebi","900","8.75"
"A_NORMAL","10101","1800.0","30.0","15000","25000","24750","0","14750","10000","825.0","8","347","{""1"":0.0,""2"":39.2,""3"":151.2,""4"":306.905894,""5"":481.003953,""6"":742.082352,""7"":1111.232604,""8"":1581.25}","{""field"":0.0,""collection_center"":0.0,""road"":0.0,""well"":0.0,""teaShears"":0.0,""factory"":39.2,""packaging"":39.2,""tea_shop"":39.2,""havva"":39.2,""warehouse"":151.2,""teaHarvesterMotor"":742.082352}","[{""id"":""turhan"",""level"":5,""xp"":0,""nextXp"":400,""equipment"":""teaShears"",""points"":0,""harvestPoints"":4,""movementPoints"":0,""harvestSeconds"":4.166667,""movementSpeed"":2.0,""utilization"":0.153760600583901,""harvests"":60},{""id"":""havva"",""level"":4,""xp"":125,""nextXp"":275,""equipment"":""teaShears"",""points"":0,""harvestPoints"":3,""movementPoints"":0,""harvestSeconds"":4.347826,""movementSpeed"":2.0,""utilization"":0.14368998628257887,""harvests"":45}]","2","2","[1,1]","2625","0","25","0","0","100","25","240","0","13","85","10","165","175","175","165","9","1","2","0.0585386697051702","0.9652542372881356","0.146005117998294","0.0592086535724452","0","0","106","209","151.2","1131.2","181.2","211.2","46.0","181.25","40.5","1","2","1","1","1","1","","","","0","Müşteri talebi","1800","8.75"
"A_NORMAL","10101","3600.0","60.0","15000","52000","51750","0","14750","37000","862.5","11","118","{""1"":0.0,""2"":39.2,""3"":151.2,""4"":306.905894,""5"":481.003953,""6"":742.082352,""7"":1111.232604,""8"":1581.25,""9"":2127.249943,""10"":2779.996776,""11"":3523.99728}","{""field"":0.0,""collection_center"":0.0,""road"":0.0,""well"":0.0,""teaShears"":0.0,""factory"":39.2,""packaging"":39.2,""tea_shop"":39.2,""havva"":39.2,""warehouse"":151.2,""teaHarvesterMotor"":742.082352}","[{""id"":""turhan"",""level"":6,""xp"":160,""nextXp"":525,""equipment"":""teaShears"",""points"":0,""harvestPoints"":5,""movementPoints"":0,""harvestSeconds"":4.0,""movementSpeed"":2.0,""utilization"":0.14090182727714862,""harvests"":116},{""id"":""havva"",""level"":6,""xp"":10,""nextXp"":525,""equipment"":""teaShears"",""points"":0,""harvestPoints"":5,""movementPoints"":0,""harvestSeconds"":4.0,""movementSpeed"":2.0,""utilization"":0.13674033149171272,""harvests"":101}]","2","2","[1,1]","5425","25","0","25","75","0","53","620","0","22","85","10","345","355","355","345","9","1","2","0.028900921172913298","0.9827731092436974","0.14893915975832514","0.04948685505412625","0","1","217","433","151.2","1131.2","181.2","211.2","46.0","181.25","40.5","1","2","1","1","1","1","","","","0","Müşteri talebi","3600","8.75"
"B_CONSERVATIVE","10101","300.0","5.0","15000","5250","2250","0","12000","-9750","450.0","3","162","{""1"":0.0,""2"":39.2,""3"":151.2}","{""field"":0.0,""collection_center"":0.0,""road"":0.0,""well"":0.0,""teaShears"":0.0,""factory"":39.2,""packaging"":39.2,""tea_shop"":39.2,""havva"":39.2,""warehouse"":151.2}","[{""id"":""turhan"",""level"":2,""xp"":50,""nextXp"":100,""equipment"":""teaShears"",""points"":1,""harvestPoints"":0,""movementPoints"":0,""harvestSeconds"":4.901961,""movementSpeed"":2.0,""utilization"":0.16764459346186086,""harvests"":10}]","1","1","[1]","250","0","0","0","50","0","2","0","0","2","15","10","15","25","25","15","9","1","2","0.40254652301665034","0.6324074074074074","0.07736943907156674","0.06237816764132553","0","0","10","20","151.2","","181.2","211.2","46.0","","40.5","1","1","1","1","1","1","","","","0","Tarla büyümesi / hammadde","300","8.75"
"B_CONSERVATIVE","10101","900.0","15.0","15000","14250","11250","0","12000","-750","750.0","5","278","{""1"":0.0,""2"":39.2,""3"":151.2,""4"":359.713731,""5"":651.481167}","{""field"":0.0,""collection_center"":0.0,""road"":0.0,""well"":0.0,""teaShears"":0.0,""factory"":39.2,""packaging"":39.2,""tea_shop"":39.2,""havva"":39.2,""warehouse"":151.2}","[{""id"":""turhan"",""level"":3,""xp"":170,""nextXp"":175,""equipment"":""teaShears"",""points"":2,""harvestPoints"":0,""movementPoints"":0,""harvestSeconds"":4.807692,""movementSpeed"":2.0,""utilization"":0.17283607013637628,""harvests"":32}]","1","1","[1]","800","0","0","0","0","100","7","0","0","7","55","10","75","85","85","75","9","1","2","0.12014030985092078","0.6209770114942529","0.08386721025043681","0.06538237011091652","0","0","32","64","151.2","","181.2","211.2","46.0","","40.5","1","1","1","1","1","1","","","","0","Müşteri talebi","900","8.75"
"B_CONSERVATIVE","10101","1800.0","30.0","15000","27750","24750","0","12000","12750","825.0","7","227","{""1"":0.0,""2"":39.2,""3"":151.2,""4"":359.713731,""5"":651.481167,""6"":1034.826027,""7"":1591.682646}","{""field"":0.0,""collection_center"":0.0,""road"":0.0,""well"":0.0,""teaShears"":0.0,""factory"":39.2,""packaging"":39.2,""tea_shop"":39.2,""havva"":39.2,""warehouse"":151.2,""teaHarvesterMotor"":1034.826027}","[{""id"":""turhan"",""level"":5,""xp"":50,""nextXp"":400,""equipment"":""teaShears"",""points"":4,""harvestPoints"":0,""movementPoints"":0,""harvestSeconds"":4.62963,""movementSpeed"":2.0,""utilization"":0.17280689559293758,""harvests"":65}]","1","1","[1]","1625","0","0","0","25","0","16","60","0","13","85","10","165","175","175","165","9","1","2","0.0585386697051702","0.6186440677966102","0.09098663633778789","0.0592086535724452","0","0","65","130","151.2","951.25","181.2","211.2","46.0","","40.5","1","1","1","1","1","1","","","","0","Müşteri talebi","1800","8.75"
"B_CONSERVATIVE","10101","3600.0","60.0","15000","54000","51750","0","12750","39000","862.5","10","328","{""1"":0.0,""2"":39.2,""3"":151.2,""4"":359.713731,""5"":651.481167,""6"":1034.826027,""7"":1591.682646,""8"":2138.89443,""9"":2716.894497,""10"":3388.894571}","{""field"":0.0,""collection_center"":0.0,""road"":0.0,""well"":0.0,""teaShears"":0.0,""factory"":39.2,""packaging"":39.2,""tea_shop"":39.2,""havva"":39.2,""warehouse"":151.2,""teaHarvesterMotor"":1034.826027}","[{""id"":""turhan"",""level"":7,""xp"":195,""nextXp"":650,""equipment"":""teaShears"",""points"":6,""harvestPoints"":0,""movementPoints"":0,""harvestSeconds"":4.464286,""movementSpeed"":2.0,""utilization"":0.2233724727297992,""harvests"":172}]","2","1","[1,1]","4300","0","0","25","75","0","42","400","0","22","85","10","345","355","355","345","9","1","2","0.028900921172913298","0.8082633053221289","0.1180272586764086","0.04948685505412625","0","0","173","344","151.2","951.25","181.2","211.2","46.0","1800.25","40.5","1","1","1","1","1","1","","","","0","Müşteri talebi","3600","8.75"
"C_AGGRESSIVE","10101","300.0","5.0","15000","1750","2250","0","15500","-13250","450.0","4","90","{""1"":0.0,""2"":39.2,""3"":146.0,""4"":246.5}","{""field"":0.0,""collection_center"":0.0,""road"":0.0,""well"":0.0,""teaShears"":0.0,""factory"":39.2,""packaging"":39.2,""tea_shop"":39.2,""havva"":39.2,""warehouse"":146.0}","[{""id"":""turhan"",""level"":3,""xp"":20,""nextXp"":175,""equipment"":""teaShears"",""points"":2,""harvestPoints"":0,""movementPoints"":0,""harvestSeconds"":4.807692,""movementSpeed"":2.0,""utilization"":0.40234702430846603,""harvests"":17},{""id"":""havva"",""level"":1,""xp"":40,""nextXp"":50,""equipment"":""teaShears"",""points"":0,""harvestPoints"":0,""movementPoints"":0,""harvestSeconds"":5.0,""movementSpeed"":2.0,""utilization"":0.2246376811594203,""harvests"":4}]","4","2","[1,1,1,1]","525","50","0","75","0","0","4","0","20","3","35","10","15","25","25","15","9","1","2","0.395690499510284","0.9712962962962963","0.15473887814313347","0.09844054580896686","0","2","22","32","151.2","","181.2","211.2","46.0","46.0","40.5","1","1","1","1","1","1","","","","0","Müşteri talebi","300","8.75"
"C_AGGRESSIVE","10101","900.0","15.0","15000","10000","11250","0","16250","-5000","750.0","6","288","{""1"":0.0,""2"":39.2,""3"":146.0,""4"":246.5,""5"":434.001961,""6"":720.250128}","{""field"":0.0,""collection_center"":0.0,""road"":0.0,""well"":0.0,""teaShears"":0.0,""factory"":39.2,""packaging"":39.2,""tea_shop"":39.2,""havva"":39.2,""warehouse"":146.0,""teaHarvesterMotor"":720.250128}","[{""id"":""turhan"",""level"":4,""xp"":75,""nextXp"":275,""equipment"":""teaShears"",""points"":0,""harvestPoints"":3,""movementPoints"":0,""harvestSeconds"":4.347826,""movementSpeed"":2.0,""utilization"":0.32841636515446704,""harvests"":40},{""id"":""havva"",""level"":3,""xp"":120,""nextXp"":175,""equipment"":""teaShears"",""points"":0,""harvestPoints"":2,""movementPoints"":0,""harvestSeconds"":4.545455,""movementSpeed"":2.0,""utilization"":0.2032520325203252,""harvests"":27}]","4","2","[1,1,1,1]","1675","50","0","75","50","0","15","120","0","9","95","10","75","85","85","75","9","1","2","0.1180941245249927","0.9910919540229886","0.17472335468841002","0.0840630472854641","0","2","68","101","151.2","","181.2","211.2","46.0","46.0","40.5","1","2","1","1","1","1","","","","0","Müşteri talebi","900","8.75"
"C_AGGRESSIVE","10101","1800.0","30.0","15000","23500","24750","0","16250","8500","825.0","8","361","{""1"":0.0,""2"":39.2,""3"":146.0,""4"":246.5,""5"":434.001961,""6"":720.250128,""7"":1095.728692,""8"":1581.213842}","{""field"":0.0,""collection_center"":0.0,""road"":0.0,""well"":0.0,""teaShears"":0.0,""factory"":39.2,""packaging"":39.2,""tea_shop"":39.2,""havva"":39.2,""warehouse"":146.0,""teaHarvesterMotor"":720.250128}","[{""id"":""turhan"",""level"":5,""xp"":150,""nextXp"":400,""equipment"":""teaShears"",""points"":0,""harvestPoints"":4,""movementPoints"":0,""harvestSeconds"":4.166667,""movementSpeed"":2.0,""utilization"":0.3054358404003893,""harvests"":75},{""id"":""havva"",""level"":5,""xp"":30,""nextXp"":400,""equipment"":""teaShears"",""points"":0,""harvestPoints"":4,""movementPoints"":0,""harvestSeconds"":4.166667,""movementSpeed"":2.0,""utilization"":0.19612332112332112,""harvests"":63}]","4","2","[1,1,1,1]","3450","75","0","75","0","0","33","400","0","13","85","10","165","175","175","165","9","1","2","0.057541660732089446","0.9956214689265537","0.18765993744668752","0.0592086535724452","0","3","138","207","151.2","1231.25","181.2","211.2","46.0","46.0","40.5","1","2","1","1","1","1","","","","0","Müşteri talebi","1800","8.75"
"C_AGGRESSIVE","10101","3600.0","60.0","15000","50500","51750","0","16250","35500","862.5","11","51","{""1"":0.0,""2"":39.2,""3"":146.0,""4"":246.5,""5"":434.001961,""6"":720.250128,""7"":1095.728692,""8"":1581.213842,""9"":2146.772992,""10"":2813.730036,""11"":3567.121932}","{""field"":0.0,""collection_center"":0.0,""road"":0.0,""well"":0.0,""teaShears"":0.0,""factory"":39.2,""packaging"":39.2,""tea_shop"":39.2,""havva"":39.2,""warehouse"":146.0,""teaHarvesterMotor"":720.250128}","[{""id"":""turhan"",""level"":6,""xp"":450,""nextXp"":525,""equipment"":""teaShears"",""points"":0,""harvestPoints"":5,""movementPoints"":0,""harvestSeconds"":4.0,""movementSpeed"":2.0,""utilization"":0.2899326061279789,""harvests"":145},{""id"":""havva"",""level"":6,""xp"":330,""nextXp"":525,""equipment"":""teaShears"",""points"":0,""harvestPoints"":5,""movementPoints"":0,""harvestSeconds"":4.0,""movementSpeed"":2.0,""utilization"":0.18680919139034322,""harvests"":133}]","4","2","[1,1,1,1]","6950","50","25","75","0","0","68","920","0","22","85","10","345","355","355","345","9","1","2","0.028408691371914773","0.9978291316526611","0.19109175214275678","0.04948685505412625","0","3","278","417","151.2","1231.25","181.2","211.2","46.0","46.0","40.5","1","2","1","1","1","1","","","","0","Müşteri talebi","3600","8.75"
"D_POOR","10101","300.0","5.0","15000","1350","1350","0","15000","-13650","270.0","3","110","{""1"":0.0,""2"":39.2,""3"":210.45}","{""field"":0.0,""collection_center"":0.0,""road"":0.0,""well"":0.0,""teaShears"":0.0,""factory"":39.2,""packaging"":39.2,""tea_shop"":39.2,""havva"":39.2,""warehouse"":210.45}","[{""id"":""turhan"",""level"":2,""xp"":50,""nextXp"":100,""equipment"":""teaShears"",""points"":1,""harvestPoints"":0,""movementPoints"":0,""harvestSeconds"":4.901961,""movementSpeed"":2.0,""utilization"":0.16764459346186086,""harvests"":10}]","1","1","[1]","250","0","0","0","50","0","2","0","0","2","21","10","9","11","11","9","1","1","2","0.20905172413793102","0.5546296296296296","0.16842105263157894","0.13588110403397027","0","0","10","16","210.45","","240.45","270.45","250.75","","40.5","1","1","1","1","1","1","","","","21","Müşteri talebi","300","9.5"
"D_POOR","10101","900.0","15.0","15000","10350","10350","0","15000","-4650","690.0","5","216","{""1"":0.0,""2"":39.2,""3"":210.45,""4"":408.963731,""5"":693.742627}","{""field"":0.0,""collection_center"":0.0,""road"":0.0,""well"":0.0,""teaShears"":0.0,""factory"":39.2,""packaging"":39.2,""tea_shop"":39.2,""havva"":39.2,""warehouse"":210.45}","[{""id"":""turhan"",""level"":3,""xp"":170,""nextXp"":175,""equipment"":""teaShears"",""points"":2,""harvestPoints"":0,""movementPoints"":0,""harvestSeconds"":4.807692,""movementSpeed"":2.0,""utilization"":0.17283607013637628,""harvests"":32}]","1","1","[1]","800","0","25","0","75","0","7","0","0","7","61","10","69","71","71","69","1","1","2","0.033868715083798885","0.5942528735632184","0.09739130434782609","0.07802159526297457","0","0","32","60","210.45","","240.45","270.45","250.75","","40.5","1","1","1","1","1","1","","","","21","Müşteri talebi","900","9.5"
"D_POOR","10101","1800.0","30.0","15000","23850","23850","0","15000","8850","795.0","7","165","{""1"":0.0,""2"":39.2,""3"":210.45,""4"":408.963731,""5"":693.742627,""6"":1093.706073,""7"":1659.762692}","{""field"":0.0,""collection_center"":0.0,""road"":0.0,""well"":0.0,""teaShears"":0.0,""factory"":39.2,""packaging"":39.2,""tea_shop"":39.2,""havva"":39.2,""warehouse"":210.45,""teaHarvesterMotor"":1093.706073}","[{""id"":""turhan"",""level"":5,""xp"":50,""nextXp"":400,""equipment"":""teaShears"",""points"":4,""harvestPoints"":0,""movementPoints"":0,""harvestSeconds"":4.62963,""movementSpeed"":2.0,""utilization"":0.17280689559293758,""harvests"":65}]","1","1","[1]","1625","0","25","0","0","0","16","60","0","13","91","10","159","161","161","159","1","1","2","0.01500618811881188","0.6048022598870056","0.09884169884169884","0.06428681811157472","0","0","65","126","210.45","1210.45","240.45","270.45","250.75","","40.5","1","1","1","1","1","1","","","","21","Müşteri talebi","1800","9.5"
"D_POOR","10101","3600.0","60.0","15000","50850","50850","0","15000","35850","847.5","9","448","{""1"":0.0,""2"":39.2,""3"":210.45,""4"":408.963731,""5"":693.742627,""6"":1093.706073,""7"":1659.762692,""8"":2340.45,""9"":3190.875264}","{""field"":0.0,""collection_center"":0.0,""road"":0.0,""well"":0.0,""teaShears"":0.0,""factory"":39.2,""packaging"":39.2,""tea_shop"":39.2,""havva"":39.2,""warehouse"":210.45,""teaHarvesterMotor"":1093.706073}","[{""id"":""turhan"",""level"":6,""xp"":310,""nextXp"":525,""equipment"":""teaShears"",""points"":5,""harvestPoints"":0,""movementPoints"":0,""harvestSeconds"":4.545455,""movementSpeed"":2.0,""utilization"":0.1706385048287362,""harvests"":131}]","1","1","[1]","3275","0","0","0","75","0","32","200","0","22","91","10","339","341","341","339","1","1","2","0.007098946135831382","0.6113445378151261","0.09360146252285192","0.05149586716406993","0","0","131","258","210.45","1210.45","240.45","270.45","250.75","","40.5","1","1","1","1","1","1","","","","21","Müşteri talebi","3600","9.5"
"E_MINIMUM","10101","300.0","5.0","12000","2250","2250","0","12000","-9750","450.0","3","162","{""1"":0.0,""2"":39.2,""3"":151.2}","{""field"":0.0,""collection_center"":0.0,""road"":0.0,""well"":0.0,""teaShears"":0.0,""factory"":39.2,""packaging"":39.2,""tea_shop"":39.2,""havva"":39.2,""warehouse"":151.2}","[{""id"":""turhan"",""level"":2,""xp"":50,""nextXp"":100,""equipment"":""teaShears"",""points"":1,""harvestPoints"":0,""movementPoints"":0,""harvestSeconds"":4.901961,""movementSpeed"":2.0,""utilization"":0.16764459346186086,""harvests"":10}]","1","1","[1]","250","0","0","0","50","0","2","0","0","2","15","10","15","25","25","15","9","1","2","0.40254652301665034","0.6324074074074074","0.07736943907156674","0.06237816764132553","0","0","10","20","151.2","","181.2","211.2","192.0","","40.5","1","1","1","1","1","1","","","","0","Tarla büyümesi / hammadde","300","8.75"
"E_MINIMUM","10101","900.0","15.0","12000","11250","11250","0","12000","-750","750.0","5","278","{""1"":0.0,""2"":39.2,""3"":151.2,""4"":359.713731,""5"":651.481167}","{""field"":0.0,""collection_center"":0.0,""road"":0.0,""well"":0.0,""teaShears"":0.0,""factory"":39.2,""packaging"":39.2,""tea_shop"":39.2,""havva"":39.2,""warehouse"":151.2}","[{""id"":""turhan"",""level"":3,""xp"":170,""nextXp"":175,""equipment"":""teaShears"",""points"":2,""harvestPoints"":0,""movementPoints"":0,""harvestSeconds"":4.807692,""movementSpeed"":2.0,""utilization"":0.17283607013637628,""harvests"":32}]","1","1","[1]","800","0","0","0","0","100","7","0","0","7","55","10","75","85","85","75","9","1","2","0.12014030985092078","0.6209770114942529","0.08386721025043681","0.06538237011091652","0","0","32","64","151.2","","181.2","211.2","192.0","","40.5","1","1","1","1","1","1","","","","0","Müşteri talebi","900","8.75"
"E_MINIMUM","10101","1800.0","30.0","12000","24750","24750","0","12000","12750","825.0","7","227","{""1"":0.0,""2"":39.2,""3"":151.2,""4"":359.713731,""5"":651.481167,""6"":1034.826027,""7"":1591.682646}","{""field"":0.0,""collection_center"":0.0,""road"":0.0,""well"":0.0,""teaShears"":0.0,""factory"":39.2,""packaging"":39.2,""tea_shop"":39.2,""havva"":39.2,""warehouse"":151.2,""teaHarvesterMotor"":1034.826027}","[{""id"":""turhan"",""level"":5,""xp"":50,""nextXp"":400,""equipment"":""teaShears"",""points"":4,""harvestPoints"":0,""movementPoints"":0,""harvestSeconds"":4.62963,""movementSpeed"":2.0,""utilization"":0.17280689559293758,""harvests"":65}]","1","1","[1]","1625","0","0","0","25","0","16","60","0","13","85","10","165","175","175","165","9","1","2","0.0585386697051702","0.6186440677966102","0.09098663633778789","0.0592086535724452","0","0","65","130","151.2","951.25","181.2","211.2","192.0","","40.5","1","1","1","1","1","1","","","","0","Müşteri talebi","1800","8.75"
"E_MINIMUM","10101","3600.0","60.0","12000","51750","51750","0","12000","39750","862.5","9","500","{""1"":0.0,""2"":39.2,""3"":151.2,""4"":359.713731,""5"":651.481167,""6"":1034.826027,""7"":1591.682646,""8"":2289.398135,""9"":3124.73826}","{""field"":0.0,""collection_center"":0.0,""road"":0.0,""well"":0.0,""teaShears"":0.0,""factory"":39.2,""packaging"":39.2,""tea_shop"":39.2,""havva"":39.2,""warehouse"":151.2,""teaHarvesterMotor"":1034.826027}","[{""id"":""turhan"",""level"":6,""xp"":310,""nextXp"":525,""equipment"":""teaShears"",""points"":5,""harvestPoints"":0,""movementPoints"":0,""harvestSeconds"":4.545455,""movementSpeed"":2.0,""utilization"":0.17077746126589313,""harvests"":131}]","1","1","[1]","3275","0","0","0","75","0","32","200","0","22","85","10","345","355","355","345","9","1","2","0.028900921172913298","0.6172268907563025","0.08992553042012083","0.04948685505412625","0","0","132","262","151.2","951.25","181.2","211.2","192.0","","40.5","1","1","1","1","1","1","","","","0","Müşteri talebi","3600","8.75"
"F_TURHAN","10101","300.0","5.0","15000","3000","2250","0","14250","-12000","450.0","4","60","{""1"":0.0,""2"":39.2,""3"":146.0,""4"":262.8}","{""field"":0.0,""collection_center"":0.0,""road"":0.0,""well"":0.0,""teaShears"":0.0,""factory"":39.2,""packaging"":39.2,""tea_shop"":39.2,""havva"":39.2,""warehouse"":146.0}","[{""id"":""turhan"",""level"":3,""xp"":60,""nextXp"":175,""equipment"":""teaShears"",""points"":2,""harvestPoints"":0,""movementPoints"":0,""harvestSeconds"":4.807692,""movementSpeed"":2.0,""utilization"":0.5071248952221291,""harvests"":21}]","4","1","[1,1,1,1]","525","50","0","75","0","0","4","0","20","3","35","10","15","25","25","15","9","1","2","0.395690499510284","0.9712962962962963","0.15473887814313347","0.09844054580896686","0","2","22","32","151.2","","181.2","211.2","46.0","46.0","40.5","1","1","1","1","1","1","","","","0","Müşteri talebi","300","8.75"
"F_TURHAN","10101","900.0","15.0","15000","12000","11250","0","14250","-3000","750.0","6","240","{""1"":0.0,""2"":39.2,""3"":146.0,""4"":262.8,""5"":459.6,""6"":745.200051}","{""field"":0.0,""collection_center"":0.0,""road"":0.0,""well"":0.0,""teaShears"":0.0,""factory"":39.2,""packaging"":39.2,""tea_shop"":39.2,""havva"":39.2,""warehouse"":146.0,""teaHarvesterMotor"":745.200051}","[{""id"":""turhan"",""level"":5,""xp"":60,""nextXp"":400,""equipment"":""teaShears"",""points"":4,""harvestPoints"":0,""movementPoints"":0,""harvestSeconds"":4.62963,""movementSpeed"":2.0,""utilization"":0.5126635123851935,""harvests"":66}]","4","1","[1,1,1,1]","1650","50","0","100","0","0","15","120","0","9","95","10","75","85","85","75","9","1","2","0.1180941245249927","0.9910919540229886","0.17472335468841002","0.0840630472854641","0","2","66","99","151.2","","181.2","211.2","46.0","46.0","40.5","1","1","1","1","1","1","","","","0","Müşteri talebi","900","8.75"
"F_TURHAN","10101","1800.0","30.0","15000","25500","24750","0","14250","10500","825.0","8","261","{""1"":0.0,""2"":39.2,""3"":146.0,""4"":262.8,""5"":459.6,""6"":745.200051,""7"":1146.400107,""8"":1638.800154}","{""field"":0.0,""collection_center"":0.0,""road"":0.0,""well"":0.0,""teaShears"":0.0,""factory"":39.2,""packaging"":39.2,""tea_shop"":39.2,""havva"":39.2,""warehouse"":146.0,""teaHarvesterMotor"":745.200051}","[{""id"":""turhan"",""level"":6,""xp"":330,""nextXp"":525,""equipment"":""teaShears"",""points"":5,""harvestPoints"":0,""movementPoints"":0,""harvestSeconds"":4.545455,""movementSpeed"":2.0,""utilization"":0.5114694842207702,""harvests"":133}]","4","1","[1,1,1,1]","3325","50","0","75","0","0","32","380","0","13","85","10","165","175","175","165","9","1","2","0.057541660732089446","0.9956214689265537","0.18197327267557578","0.0592086535724452","0","2","134","200","151.2","1101.200102","181.2","211.2","46.0","46.0","40.5","1","1","1","1","1","1","","","","0","Müşteri talebi","1800","8.75"
"F_TURHAN","10101","3600.0","60.0","15000","52500","51750","0","14250","37500","862.5","10","1046","{""1"":0.0,""2"":39.2,""3"":146.0,""4"":262.8,""5"":459.6,""6"":745.200051,""7"":1146.400107,""8"":1638.800154,""9"":2228.400229,""10"":2915.200423}","{""field"":0.0,""collection_center"":0.0,""road"":0.0,""well"":0.0,""teaShears"":0.0,""factory"":39.2,""packaging"":39.2,""tea_shop"":39.2,""havva"":39.2,""warehouse"":146.0,""teaHarvesterMotor"":745.200051}","[{""id"":""turhan"",""level"":8,""xp"":505,""nextXp"":775,""equipment"":""teaShears"",""points"":7,""harvestPoints"":0,""movementPoints"":0,""harvestSeconds"":4.385965,""movementSpeed"":2.0,""utilization"":0.5039949975682624,""harvests"":268}]","4","1","[1,1,1,1]","6700","50","25","75","50","0","65","860","0","22","85","10","345","355","355","345","9","1","2","0.028408691371914773","0.9978291316526611","0.18266123366587045","0.04948685505412625","0","3","268","402","151.2","1101.200102","181.2","211.2","46.0","46.0","40.5","1","1","1","1","1","1","","","","0","Müşteri talebi","3600","8.75"
"F_HAVVA","10101","300.0","5.0","15000","1750","2250","0","15500","-13250","450.0","4","90","{""1"":0.0,""2"":39.2,""3"":146.0,""4"":249.0}","{""field"":0.0,""collection_center"":0.0,""road"":0.0,""well"":0.0,""teaShears"":0.0,""factory"":39.2,""packaging"":39.2,""tea_shop"":39.2,""havva"":39.2,""warehouse"":146.0}","[{""id"":""turhan"",""level"":2,""xp"":80,""nextXp"":100,""equipment"":""none"",""points"":1,""harvestPoints"":0,""movementPoints"":0,""harvestSeconds"":0.0,""movementSpeed"":2.0,""utilization"":0.2967309304274937,""harvests"":13},{""id"":""havva"",""level"":2,""xp"":30,""nextXp"":100,""equipment"":""teaShears"",""points"":1,""harvestPoints"":0,""movementPoints"":0,""harvestSeconds"":4.901961,""movementSpeed"":2.0,""utilization"":0.4528985507246377,""harvests"":8}]","4","2","[1,1,1,1]","525","50","0","75","0","0","4","0","20","3","35","10","15","25","25","15","9","1","2","0.395690499510284","0.9712962962962963","0.15473887814313347","0.09844054580896686","0","2","22","32","151.2","","181.2","211.2","46.0","46.0","40.5","1","1","1","1","1","1","","","","0","Müşteri talebi","300","8.75"
"F_HAVVA","10101","900.0","15.0","15000","10750","11250","0","15500","-4250","750.0","6","270","{""1"":0.0,""2"":39.2,""3"":146.0,""4"":249.0,""5"":434.407692,""6"":727.600004}","{""field"":0.0,""collection_center"":0.0,""road"":0.0,""well"":0.0,""teaShears"":0.0,""factory"":39.2,""packaging"":39.2,""tea_shop"":39.2,""havva"":39.2,""warehouse"":146.0,""teaHarvesterMotor"":727.600004}","[{""id"":""turhan"",""level"":2,""xp"":80,""nextXp"":100,""equipment"":""none"",""points"":1,""harvestPoints"":0,""movementPoints"":0,""harvestSeconds"":0.0,""movementSpeed"":2.0,""utilization"":0.0985249095463401,""harvests"":13},{""id"":""havva"",""level"":4,""xp"":205,""nextXp"":275,""equipment"":""teaShears"",""points"":3,""harvestPoints"":0,""movementPoints"":0,""harvestSeconds"":4.716981,""movementSpeed"":2.0,""utilization"":0.5088075880758808,""harvests"":53}]","4","2","[1,1,1,1]","1650","50","0","100","0","0","15","120","0","9","95","10","75","85","85","75","9","1","2","0.1180941245249927","0.9910919540229886","0.17472335468841002","0.0840630472854641","0","2","66","99","151.2","","181.2","211.2","46.0","46.0","40.5","1","1","1","1","1","1","","","","0","Müşteri talebi","900","8.75"
"F_HAVVA","10101","1800.0","30.0","15000","24250","24750","0","15500","9250","825.0","8","291","{""1"":0.0,""2"":39.2,""3"":146.0,""4"":249.0,""5"":434.407692,""6"":727.600004,""7"":1120.400042,""8"":1613.345582}","{""field"":0.0,""collection_center"":0.0,""road"":0.0,""well"":0.0,""teaShears"":0.0,""factory"":39.2,""packaging"":39.2,""tea_shop"":39.2,""havva"":39.2,""warehouse"":146.0,""teaHarvesterMotor"":727.600004}","[{""id"":""turhan"",""level"":2,""xp"":80,""nextXp"":100,""equipment"":""none"",""points"":1,""harvestPoints"":0,""movementPoints"":0,""harvestSeconds"":0.0,""movementSpeed"":2.0,""utilization"":0.049214514110941195,""harvests"":13},{""id"":""havva"",""level"":6,""xp"":200,""nextXp"":525,""equipment"":""teaShears"",""points"":5,""harvestPoints"":0,""movementPoints"":0,""harvestSeconds"":4.545455,""movementSpeed"":2.0,""utilization"":0.510989010989011,""harvests"":120}]","4","2","[1,1,1,1]","3325","50","0","75","0","0","32","380","0","13","85","10","165","175","175","165","9","1","2","0.057541660732089446","0.9956214689265537","0.18197327267557578","0.0592086535724452","0","2","134","200","151.2","1181.25","181.2","211.2","46.0","46.0","40.5","1","1","1","1","1","1","","","","0","Müşteri talebi","1800","8.75"
"F_HAVVA","10101","3600.0","60.0","15000","51250","51750","0","15500","36250","862.5","10","1076","{""1"":0.0,""2"":39.2,""3"":146.0,""4"":249.0,""5"":434.407692,""6"":727.600004,""7"":1120.400042,""8"":1613.345582,""9"":2202.945657,""10"":2889.200369}","{""field"":0.0,""collection_center"":0.0,""road"":0.0,""well"":0.0,""teaShears"":0.0,""factory"":39.2,""packaging"":39.2,""tea_shop"":39.2,""havva"":39.2,""warehouse"":146.0,""teaHarvesterMotor"":727.600004}","[{""id"":""turhan"",""level"":2,""xp"":80,""nextXp"":100,""equipment"":""none"",""points"":1,""harvestPoints"":0,""movementPoints"":0,""harvestSeconds"":0.0,""movementSpeed"":2.0,""utilization"":0.02459528937678038,""harvests"":13},{""id"":""havva"",""level"":8,""xp"":375,""nextXp"":775,""equipment"":""teaShears"",""points"":7,""harvestPoints"":0,""movementPoints"":0,""harvestSeconds"":4.385965,""movementSpeed"":2.0,""utilization"":0.5040721349621873,""harvests"":255}]","4","2","[1,1,1,1]","6700","50","25","75","50","0","65","860","0","22","85","10","345","355","355","345","9","1","2","0.028408691371914773","0.9978291316526611","0.18266123366587045","0.04948685505412625","0","3","268","402","151.2","1181.25","181.2","211.2","46.0","46.0","40.5","1","1","1","1","1","1","","","","0","Müşteri talebi","3600","8.75"
"F_BOTH","10101","300.0","5.0","15000","1750","2250","0","15500","-13250","450.0","4","90","{""1"":0.0,""2"":39.2,""3"":146.0,""4"":246.5}","{""field"":0.0,""collection_center"":0.0,""road"":0.0,""well"":0.0,""teaShears"":0.0,""factory"":39.2,""packaging"":39.2,""tea_shop"":39.2,""havva"":39.2,""warehouse"":146.0}","[{""id"":""turhan"",""level"":3,""xp"":20,""nextXp"":175,""equipment"":""teaShears"",""points"":2,""harvestPoints"":0,""movementPoints"":0,""harvestSeconds"":4.807692,""movementSpeed"":2.0,""utilization"":0.40234702430846603,""harvests"":17},{""id"":""havva"",""level"":1,""xp"":40,""nextXp"":50,""equipment"":""teaShears"",""points"":0,""harvestPoints"":0,""movementPoints"":0,""harvestSeconds"":5.0,""movementSpeed"":2.0,""utilization"":0.2246376811594203,""harvests"":4}]","4","2","[1,1,1,1]","525","50","0","75","0","0","4","0","20","3","35","10","15","25","25","15","9","1","2","0.395690499510284","0.9712962962962963","0.15473887814313347","0.09844054580896686","0","2","22","32","151.2","","181.2","211.2","46.0","46.0","40.5","1","1","1","1","1","1","","","","0","Müşteri talebi","300","8.75"
"F_BOTH","10101","900.0","15.0","15000","10750","11250","0","15500","-4250","750.0","6","270","{""1"":0.0,""2"":39.2,""3"":146.0,""4"":246.5,""5"":434.001961,""6"":727.6}","{""field"":0.0,""collection_center"":0.0,""road"":0.0,""well"":0.0,""teaShears"":0.0,""factory"":39.2,""packaging"":39.2,""tea_shop"":39.2,""havva"":39.2,""warehouse"":146.0,""teaHarvesterMotor"":727.6}","[{""id"":""turhan"",""level"":4,""xp"":65,""nextXp"":275,""equipment"":""teaShears"",""points"":3,""harvestPoints"":0,""movementPoints"":0,""harvestSeconds"":4.716981,""movementSpeed"":2.0,""utilization"":0.3250765377122182,""harvests"":39},{""id"":""havva"",""level"":3,""xp"":120,""nextXp"":175,""equipment"":""teaShears"",""points"":2,""harvestPoints"":0,""movementPoints"":0,""harvestSeconds"":4.807692,""movementSpeed"":2.0,""utilization"":0.20291327913279134,""harvests"":27}]","4","2","[1,1,1,1]","1650","50","0","100","0","0","15","120","0","9","95","10","75","85","85","75","9","1","2","0.1180941245249927","0.9910919540229886","0.17472335468841002","0.0840630472854641","0","2","66","99","151.2","","181.2","211.2","46.0","46.0","40.5","1","1","1","1","1","1","","","","0","Müşteri talebi","900","8.75"
"F_BOTH","10101","1800.0","30.0","15000","24250","24750","0","15500","9250","825.0","8","291","{""1"":0.0,""2"":39.2,""3"":146.0,""4"":246.5,""5"":434.001961,""6"":727.6,""7"":1120.400004,""8"":1613.01712}","{""field"":0.0,""collection_center"":0.0,""road"":0.0,""well"":0.0,""teaShears"":0.0,""factory"":39.2,""packaging"":39.2,""tea_shop"":39.2,""havva"":39.2,""warehouse"":146.0,""teaHarvesterMotor"":727.6}","[{""id"":""turhan"",""level"":5,""xp"":130,""nextXp"":400,""equipment"":""teaShears"",""points"":4,""harvestPoints"":0,""movementPoints"":0,""harvestSeconds"":4.62963,""movementSpeed"":2.0,""utilization"":0.3073821771166412,""harvests"":73},{""id"":""havva"",""level"":5,""xp"":0,""nextXp"":400,""equipment"":""teaShears"",""points"":4,""harvestPoints"":0,""movementPoints"":0,""harvestSeconds"":4.62963,""movementSpeed"":2.0,""utilization"":0.1997863247863248,""harvests"":60}]","4","2","[1,1,1,1]","3325","50","0","75","0","0","32","380","0","13","85","10","165","175","175","165","9","1","2","0.057541660732089446","0.9956214689265537","0.18197327267557578","0.0592086535724452","0","2","134","200","151.2","1181.25","181.2","211.2","46.0","46.0","40.5","1","1","1","1","1","1","","","","0","Müşteri talebi","1800","8.75"
"F_BOTH","10101","3600.0","60.0","15000","51250","51750","0","15500","36250","862.5","10","1076","{""1"":0.0,""2"":39.2,""3"":146.0,""4"":246.5,""5"":434.001961,""6"":727.6,""7"":1120.400004,""8"":1613.01712,""9"":2202.529951,""10"":2889.200549}","{""field"":0.0,""collection_center"":0.0,""road"":0.0,""well"":0.0,""teaShears"":0.0,""factory"":39.2,""packaging"":39.2,""tea_shop"":39.2,""havva"":39.2,""warehouse"":146.0,""teaHarvesterMotor"":727.6}","[{""id"":""turhan"",""level"":6,""xp"":400,""nextXp"":525,""equipment"":""teaShears"",""points"":5,""harvestPoints"":0,""movementPoints"":0,""harvestSeconds"":4.545455,""movementSpeed"":2.0,""utilization"":0.29403182102410896,""harvests"":140},{""id"":""havva"",""level"":6,""xp"":280,""nextXp"":525,""equipment"":""teaShears"",""points"":5,""harvestPoints"":0,""movementPoints"":0,""harvestSeconds"":4.545455,""movementSpeed"":2.0,""utilization"":0.1938627108784177,""harvests"":128}]","4","2","[1,1,1,1]","6700","50","25","75","50","0","65","860","0","22","85","10","345","355","355","345","9","1","2","0.028408691371914773","0.9978291316526611","0.18266123366587045","0.04948685505412625","0","3","268","402","151.2","1181.25","181.2","211.2","46.0","46.0","40.5","1","1","1","1","1","1","","","","0","Müşteri talebi","3600","8.75"
"G_SHEARS","10101","300.0","5.0","15000","5250","2250","0","12000","-9750","450.0","3","162","{""1"":0.0,""2"":39.2,""3"":151.2}","{""field"":0.0,""collection_center"":0.0,""road"":0.0,""well"":0.0,""teaShears"":0.0,""factory"":39.2,""packaging"":39.2,""tea_shop"":39.2,""havva"":39.2,""warehouse"":151.2}","[{""id"":""turhan"",""level"":2,""xp"":50,""nextXp"":100,""equipment"":""teaShears"",""points"":1,""harvestPoints"":0,""movementPoints"":0,""harvestSeconds"":4.901961,""movementSpeed"":2.0,""utilization"":0.16764459346186086,""harvests"":10}]","1","1","[1]","250","0","0","0","50","0","2","0","0","2","15","10","15","25","25","15","9","1","2","0.40254652301665034","0.6324074074074074","0.07736943907156674","0.06237816764132553","0","0","10","20","151.2","","181.2","211.2","46.0","","40.5","1","1","1","1","1","1","","","","0","Tarla büyümesi / hammadde","300","8.75"
"G_SHEARS","10101","900.0","15.0","15000","14250","11250","0","12000","-750","750.0","5","278","{""1"":0.0,""2"":39.2,""3"":151.2,""4"":359.713731,""5"":651.481167}","{""field"":0.0,""collection_center"":0.0,""road"":0.0,""well"":0.0,""teaShears"":0.0,""factory"":39.2,""packaging"":39.2,""tea_shop"":39.2,""havva"":39.2,""warehouse"":151.2}","[{""id"":""turhan"",""level"":3,""xp"":170,""nextXp"":175,""equipment"":""teaShears"",""points"":2,""harvestPoints"":0,""movementPoints"":0,""harvestSeconds"":4.807692,""movementSpeed"":2.0,""utilization"":0.17283607013637628,""harvests"":32}]","1","1","[1]","800","0","0","0","0","100","7","0","0","7","55","10","75","85","85","75","9","1","2","0.12014030985092078","0.6209770114942529","0.08386721025043681","0.06538237011091652","0","0","32","64","151.2","","181.2","211.2","46.0","","40.5","1","1","1","1","1","1","","","","0","Müşteri talebi","900","8.75"
"G_SHEARS","10101","1800.0","30.0","15000","27750","24750","0","12000","12750","825.0","7","227","{""1"":0.0,""2"":39.2,""3"":151.2,""4"":359.713731,""5"":651.481167,""6"":1034.826027,""7"":1591.682646}","{""field"":0.0,""collection_center"":0.0,""road"":0.0,""well"":0.0,""teaShears"":0.0,""factory"":39.2,""packaging"":39.2,""tea_shop"":39.2,""havva"":39.2,""warehouse"":151.2,""teaHarvesterMotor"":1034.826027}","[{""id"":""turhan"",""level"":5,""xp"":50,""nextXp"":400,""equipment"":""teaShears"",""points"":4,""harvestPoints"":0,""movementPoints"":0,""harvestSeconds"":4.62963,""movementSpeed"":2.0,""utilization"":0.17280689559293758,""harvests"":65}]","1","1","[1]","1625","0","0","0","25","0","16","60","0","13","85","10","165","175","175","165","9","1","2","0.0585386697051702","0.6186440677966102","0.09098663633778789","0.0592086535724452","0","0","65","130","151.2","951.25","181.2","211.2","46.0","","40.5","1","1","1","1","1","1","","","","0","Müşteri talebi","1800","8.75"
"G_SHEARS","10101","3600.0","60.0","15000","54750","51750","0","12000","39750","862.5","9","500","{""1"":0.0,""2"":39.2,""3"":151.2,""4"":359.713731,""5"":651.481167,""6"":1034.826027,""7"":1591.682646,""8"":2289.398135,""9"":3124.73826}","{""field"":0.0,""collection_center"":0.0,""road"":0.0,""well"":0.0,""teaShears"":0.0,""factory"":39.2,""packaging"":39.2,""tea_shop"":39.2,""havva"":39.2,""warehouse"":151.2,""teaHarvesterMotor"":1034.826027}","[{""id"":""turhan"",""level"":6,""xp"":310,""nextXp"":525,""equipment"":""teaShears"",""points"":5,""harvestPoints"":0,""movementPoints"":0,""harvestSeconds"":4.545455,""movementSpeed"":2.0,""utilization"":0.17077746126589313,""harvests"":131}]","1","1","[1]","3275","0","0","0","75","0","32","200","0","22","85","10","345","355","355","345","9","1","2","0.028900921172913298","0.6172268907563025","0.08992553042012083","0.04948685505412625","0","0","132","262","151.2","951.25","181.2","211.2","46.0","","40.5","1","1","1","1","1","1","","","","0","Müşteri talebi","3600","8.75"
"G_MOTOR","10101","300.0","5.0","15000","5250","2250","0","12000","-9750","450.0","3","162","{""1"":0.0,""2"":39.2,""3"":151.2}","{""field"":0.0,""collection_center"":0.0,""road"":0.0,""well"":0.0,""teaShears"":0.0,""factory"":39.2,""packaging"":39.2,""tea_shop"":39.2,""havva"":39.2,""warehouse"":151.2}","[{""id"":""turhan"",""level"":2,""xp"":50,""nextXp"":100,""equipment"":""teaShears"",""points"":1,""harvestPoints"":0,""movementPoints"":0,""harvestSeconds"":4.901961,""movementSpeed"":2.0,""utilization"":0.16764459346186086,""harvests"":10}]","1","1","[1]","250","0","0","0","50","0","2","0","0","2","15","10","15","25","25","15","9","1","2","0.40254652301665034","0.6324074074074074","0.07736943907156674","0.06237816764132553","0","0","10","20","151.2","","181.2","211.2","46.0","","40.5","1","1","1","1","1","1","","","","0","Tarla büyümesi / hammadde","300","8.75"
"G_MOTOR","10101","900.0","15.0","15000","14250","11250","0","12000","-750","750.0","5","278","{""1"":0.0,""2"":39.2,""3"":151.2,""4"":359.713731,""5"":651.481167}","{""field"":0.0,""collection_center"":0.0,""road"":0.0,""well"":0.0,""teaShears"":0.0,""factory"":39.2,""packaging"":39.2,""tea_shop"":39.2,""havva"":39.2,""warehouse"":151.2}","[{""id"":""turhan"",""level"":3,""xp"":170,""nextXp"":175,""equipment"":""teaShears"",""points"":2,""harvestPoints"":0,""movementPoints"":0,""harvestSeconds"":4.807692,""movementSpeed"":2.0,""utilization"":0.17283607013637628,""harvests"":32}]","1","1","[1]","800","0","0","0","0","100","7","0","0","7","55","10","75","85","85","75","9","1","2","0.12014030985092078","0.6209770114942529","0.08386721025043681","0.06538237011091652","0","0","32","64","151.2","","181.2","211.2","46.0","","40.5","1","1","1","1","1","1","","","","0","Müşteri talebi","900","8.75"
"G_MOTOR","10101","1800.0","30.0","15000","25250","24750","0","14500","10250","825.0","7","266","{""1"":0.0,""2"":39.2,""3"":151.2,""4"":359.713731,""5"":651.481167,""6"":1034.826027,""7"":1558.954374}","{""field"":0.0,""collection_center"":0.0,""road"":0.0,""well"":0.0,""teaShears"":0.0,""factory"":39.2,""packaging"":39.2,""tea_shop"":39.2,""havva"":39.2,""warehouse"":151.2,""teaHarvesterMotor"":1034.826027}","[{""id"":""turhan"",""level"":5,""xp"":80,""nextXp"":400,""equipment"":""teaHarvesterMotor"",""points"":4,""harvestPoints"":0,""movementPoints"":0,""harvestSeconds"":2.314815,""movementSpeed"":2.0,""utilization"":0.13958014736549423,""harvests"":68}]","1","1","[1]","1700","0","25","0","75","0","16","60","0","13","85","10","165","175","175","165","9","1","2","0.0585386697051702","0.6425141242937853","0.09098663633778789","0.0592086535724452","0","0","68","135","151.2","951.25","181.2","211.2","46.0","","40.5","1","1","1","1","1","1","1035.25","2500","13350","0","Müşteri talebi","1800","8.75"
"G_MOTOR","10101","3600.0","60.0","15000","52250","51750","0","14500","37250","862.5","9","682","{""1"":0.0,""2"":39.2,""3"":151.2,""4"":359.713731,""5"":651.481167,""6"":1034.826027,""7"":1558.954374,""8"":2216.826963,""9"":3003.427684}","{""field"":0.0,""collection_center"":0.0,""road"":0.0,""well"":0.0,""teaShears"":0.0,""factory"":39.2,""packaging"":39.2,""tea_shop"":39.2,""havva"":39.2,""warehouse"":151.2,""teaHarvesterMotor"":1034.826027}","[{""id"":""turhan"",""level"":6,""xp"":400,""nextXp"":525,""equipment"":""teaHarvesterMotor"",""points"":5,""harvestPoints"":0,""movementPoints"":0,""harvestSeconds"":2.272727,""movementSpeed"":2.0,""utilization"":0.1158201903703189,""harvests"":140}]","1","1","[1]","3500","0","25","0","75","0","34","240","0","22","85","10","345","355","355","345","9","1","2","0.028900921172913298","0.6596638655462185","0.09554587607137839","0.04948685505412625","0","0","140","280","151.2","951.25","181.2","211.2","46.0","","40.5","1","1","1","1","1","1","1035.25","2500","13350","0","Müşteri talebi","3600","8.75"
"H_STABILITY","10101","300.0","5.0","15000","5250","2250","0","12000","-9750","450.0","3","162","{""1"":0.0,""2"":39.2,""3"":151.2}","{""field"":0.0,""collection_center"":0.0,""road"":0.0,""well"":0.0,""teaShears"":0.0,""factory"":39.2,""packaging"":39.2,""tea_shop"":39.2,""havva"":39.2,""warehouse"":151.2}","[{""id"":""turhan"",""level"":2,""xp"":50,""nextXp"":100,""equipment"":""teaShears"",""points"":1,""harvestPoints"":0,""movementPoints"":0,""harvestSeconds"":4.901961,""movementSpeed"":2.0,""utilization"":0.16764459346186086,""harvests"":10}]","1","1","[1]","250","0","0","0","50","0","2","0","0","2","15","10","15","25","25","15","9","1","2","0.40254652301665034","0.6324074074074074","0.07736943907156674","0.06237816764132553","0","0","10","20","151.2","","181.2","211.2","46.0","","40.5","1","1","1","1","1","1","","","","0","Tarla büyümesi / hammadde","300","8.75"
"H_STABILITY","10101","900.0","15.0","15000","14250","11250","0","12000","-750","750.0","5","278","{""1"":0.0,""2"":39.2,""3"":151.2,""4"":359.713731,""5"":651.481167}","{""field"":0.0,""collection_center"":0.0,""road"":0.0,""well"":0.0,""teaShears"":0.0,""factory"":39.2,""packaging"":39.2,""tea_shop"":39.2,""havva"":39.2,""warehouse"":151.2}","[{""id"":""turhan"",""level"":3,""xp"":170,""nextXp"":175,""equipment"":""teaShears"",""points"":2,""harvestPoints"":0,""movementPoints"":0,""harvestSeconds"":4.807692,""movementSpeed"":2.0,""utilization"":0.17283607013637628,""harvests"":32}]","1","1","[1]","800","0","0","0","0","100","7","0","0","7","55","10","75","85","85","75","9","1","2","0.12014030985092078","0.6209770114942529","0.08386721025043681","0.06538237011091652","0","0","32","64","151.2","","181.2","211.2","46.0","","40.5","1","1","1","1","1","1","","","","0","Müşteri talebi","900","8.75"
"H_STABILITY","10101","1800.0","30.0","15000","27750","24750","0","12000","12750","825.0","7","227","{""1"":0.0,""2"":39.2,""3"":151.2,""4"":359.713731,""5"":651.481167,""6"":1034.826027,""7"":1591.682646}","{""field"":0.0,""collection_center"":0.0,""road"":0.0,""well"":0.0,""teaShears"":0.0,""factory"":39.2,""packaging"":39.2,""tea_shop"":39.2,""havva"":39.2,""warehouse"":151.2,""teaHarvesterMotor"":1034.826027}","[{""id"":""turhan"",""level"":5,""xp"":50,""nextXp"":400,""equipment"":""teaShears"",""points"":4,""harvestPoints"":0,""movementPoints"":0,""harvestSeconds"":4.62963,""movementSpeed"":2.0,""utilization"":0.17280689559293758,""harvests"":65}]","1","1","[1]","1625","0","0","0","25","0","16","60","0","13","85","10","165","175","175","165","9","1","2","0.0585386697051702","0.6186440677966102","0.09098663633778789","0.0592086535724452","0","0","65","130","151.2","951.25","181.2","211.2","46.0","","40.5","1","1","1","1","1","1","","","","0","Müşteri talebi","1800","8.75"
"H_STABILITY","10101","3600.0","60.0","15000","54750","51750","0","12000","39750","862.5","9","500","{""1"":0.0,""2"":39.2,""3"":151.2,""4"":359.713731,""5"":651.481167,""6"":1034.826027,""7"":1591.682646,""8"":2289.398135,""9"":3124.73826}","{""field"":0.0,""collection_center"":0.0,""road"":0.0,""well"":0.0,""teaShears"":0.0,""factory"":39.2,""packaging"":39.2,""tea_shop"":39.2,""havva"":39.2,""warehouse"":151.2,""teaHarvesterMotor"":1034.826027}","[{""id"":""turhan"",""level"":6,""xp"":310,""nextXp"":525,""equipment"":""teaShears"",""points"":5,""harvestPoints"":0,""movementPoints"":0,""harvestSeconds"":4.545455,""movementSpeed"":2.0,""utilization"":0.17077746126589313,""harvests"":131}]","1","1","[1]","3275","0","0","0","75","0","32","200","0","22","85","10","345","355","355","345","9","1","2","0.028900921172913298","0.6172268907563025","0.08992553042012083","0.04948685505412625","0","0","132","262","151.2","951.25","181.2","211.2","46.0","","40.5","1","1","1","1","1","1","","","","0","Müşteri talebi","3600","8.75"
"U_growth","10101","300.0","5.0","15000","5250","2250","0","12000","-9750","450.0","3","162","{""1"":0.0,""2"":39.2,""3"":151.2}","{""field"":0.0,""collection_center"":0.0,""road"":0.0,""well"":0.0,""teaShears"":0.0,""factory"":39.2,""packaging"":39.2,""tea_shop"":39.2,""havva"":39.2,""warehouse"":151.2}","[{""id"":""turhan"",""level"":2,""xp"":50,""nextXp"":100,""equipment"":""teaShears"",""points"":1,""harvestPoints"":0,""movementPoints"":0,""harvestSeconds"":4.901961,""movementSpeed"":2.0,""utilization"":0.16764459346186086,""harvests"":10}]","1","1","[1]","250","0","0","0","50","0","2","0","0","2","15","10","15","25","25","15","9","1","2","0.40254652301665034","0.6324074074074074","0.07736943907156674","0.06237816764132553","0","0","10","20","151.2","","181.2","211.2","46.0","","40.5","1","1","1","1","1","1","","","","0","Tarla büyümesi / hammadde","300","8.75"
"U_growth","10101","900.0","15.0","15000","13950","11250","0","12300","-1050","750.0","5","326","{""1"":0.0,""2"":39.2,""3"":151.2,""4"":359.713731,""5"":648.089861}","{""field"":0.0,""collection_center"":0.0,""road"":0.0,""well"":0.0,""teaShears"":0.0,""factory"":39.2,""packaging"":39.2,""tea_shop"":39.2,""havva"":39.2,""warehouse"":151.2}","[{""id"":""turhan"",""level"":4,""xp"":5,""nextXp"":275,""equipment"":""teaShears"",""points"":3,""harvestPoints"":0,""movementPoints"":0,""harvestSeconds"":4.716981,""movementSpeed"":2.0,""utilization"":0.178402449206791,""harvests"":33}]","1","1","[2]","825","0","0","0","25","0","8","0","0","8","75","10","75","85","85","75","9","1","2","0.12014030985092078","0.6405172413793103","0.093185789167152","0.07472270869819031","0","0","33","66","151.2","","181.2","211.2","46.0","","40.5","1","1","1","1","1","1","600.0","300","6750","0","Müşteri talebi","900","8.75"
"U_growth","10101","1800.0","30.0","15000","27450","24750","0","12300","12450","825.0","7","314","{""1"":0.0,""2"":39.2,""3"":151.2,""4"":359.713731,""5"":648.089861,""6"":1001.2,""7"":1522.917429}","{""field"":0.0,""collection_center"":0.0,""road"":0.0,""well"":0.0,""teaShears"":0.0,""factory"":39.2,""packaging"":39.2,""tea_shop"":39.2,""havva"":39.2,""warehouse"":151.2,""teaHarvesterMotor"":1001.2}","[{""id"":""turhan"",""level"":5,""xp"":90,""nextXp"":400,""equipment"":""teaShears"",""points"":4,""harvestPoints"":0,""movementPoints"":0,""harvestSeconds"":4.62963,""movementSpeed"":2.0,""utilization"":0.18309467537884053,""harvests"":69}]","1","1","[2]","1725","0","0","0","25","0","17","80","0","13","85","10","165","175","175","165","9","1","2","0.0585386697051702","0.6569209039548023","0.09667330110889963","0.0592086535724452","0","0","69","138","151.2","971.2","181.2","211.2","46.0","","40.5","1","1","1","1","1","1","600.0","300","6750","0","Müşteri talebi","1800","8.75"
"U_growth","10101","3600.0","60.0","15000","54450","51750","0","12300","39450","862.5","9","728","{""1"":0.0,""2"":39.2,""3"":151.2,""4"":359.713731,""5"":648.089861,""6"":1001.2,""7"":1522.917429,""8"":2180.01907,""9"":2971.2}","{""field"":0.0,""collection_center"":0.0,""road"":0.0,""well"":0.0,""teaShears"":0.0,""factory"":39.2,""packaging"":39.2,""tea_shop"":39.2,""havva"":39.2,""warehouse"":151.2,""teaHarvesterMotor"":1001.2}","[{""id"":""turhan"",""level"":6,""xp"":420,""nextXp"":525,""equipment"":""teaShears"",""points"":5,""harvestPoints"":0,""movementPoints"":0,""harvestSeconds"":4.545455,""movementSpeed"":2.0,""utilization"":0.18453414854443131,""harvests"":142}]","1","1","[2]","3550","0","25","0","25","0","35","260","0","22","85","10","345","355","355","345","9","1","2","0.028900921172913298","0.6663865546218487","0.09835604889700716","0.04948685505412625","0","0","142","283","151.2","971.2","181.2","211.2","46.0","","40.5","1","1","1","1","1","1","600.0","300","6750","0","Müşteri talebi","3600","8.75"
"U_collectionCapacity","10101","300.0","5.0","15000","5250","2250","0","12000","-9750","450.0","3","162","{""1"":0.0,""2"":39.2,""3"":151.2}","{""field"":0.0,""collection_center"":0.0,""road"":0.0,""well"":0.0,""teaShears"":0.0,""factory"":39.2,""packaging"":39.2,""tea_shop"":39.2,""havva"":39.2,""warehouse"":151.2}","[{""id"":""turhan"",""level"":2,""xp"":50,""nextXp"":100,""equipment"":""teaShears"",""points"":1,""harvestPoints"":0,""movementPoints"":0,""harvestSeconds"":4.901961,""movementSpeed"":2.0,""utilization"":0.16764459346186086,""harvests"":10}]","1","1","[1]","250","0","0","0","50","0","2","0","0","2","15","10","15","25","25","15","9","1","2","0.40254652301665034","0.6324074074074074","0.07736943907156674","0.06237816764132553","0","0","10","20","151.2","","181.2","211.2","46.0","","40.5","1","1","1","1","1","1","","","","0","Tarla büyümesi / hammadde","300","8.75"
"U_collectionCapacity","10101","900.0","15.0","15000","13750","11250","0","12500","-1250","750.0","5","278","{""1"":0.0,""2"":39.2,""3"":151.2,""4"":359.713731,""5"":651.481167}","{""field"":0.0,""collection_center"":0.0,""road"":0.0,""well"":0.0,""teaShears"":0.0,""factory"":39.2,""packaging"":39.2,""tea_shop"":39.2,""havva"":39.2,""warehouse"":151.2}","[{""id"":""turhan"",""level"":3,""xp"":170,""nextXp"":175,""equipment"":""teaShears"",""points"":2,""harvestPoints"":0,""movementPoints"":0,""harvestSeconds"":4.807692,""movementSpeed"":2.0,""utilization"":0.17283607013637628,""harvests"":32}]","1","1","[1]","800","0","0","0","0","100","7","0","0","7","55","10","75","85","85","75","9","1","2","0.12014030985092078","0.6209770114942529","0.08386721025043681","0.06538237011091652","0","0","32","64","151.2","","181.2","211.2","46.0","","40.5","1","1","2","1","1","1","600.0","500","6750","0","Müşteri talebi","900","8.75"
"U_collectionCapacity","10101","1800.0","30.0","15000","27250","24750","0","12500","12250","825.0","7","227","{""1"":0.0,""2"":39.2,""3"":151.2,""4"":359.713731,""5"":651.481167,""6"":1034.826027,""7"":1591.682646}","{""field"":0.0,""collection_center"":0.0,""road"":0.0,""well"":0.0,""teaShears"":0.0,""factory"":39.2,""packaging"":39.2,""tea_shop"":39.2,""havva"":39.2,""warehouse"":151.2,""teaHarvesterMotor"":1034.826027}","[{""id"":""turhan"",""level"":5,""xp"":50,""nextXp"":400,""equipment"":""teaShears"",""points"":4,""harvestPoints"":0,""movementPoints"":0,""harvestSeconds"":4.62963,""movementSpeed"":2.0,""utilization"":0.17280689559293758,""harvests"":65}]","1","1","[1]","1625","0","0","0","25","0","16","60","0","13","85","10","165","175","175","165","9","1","2","0.0585386697051702","0.6186440677966102","0.09098663633778789","0.0592086535724452","0","0","65","130","151.2","981.2","181.2","211.2","46.0","","40.5","1","1","2","1","1","1","600.0","500","6750","0","Müşteri talebi","1800","8.75"
"U_collectionCapacity","10101","3600.0","60.0","15000","54250","51750","0","12500","39250","862.5","9","500","{""1"":0.0,""2"":39.2,""3"":151.2,""4"":359.713731,""5"":651.481167,""6"":1034.826027,""7"":1591.682646,""8"":2289.398135,""9"":3124.73826}","{""field"":0.0,""collection_center"":0.0,""road"":0.0,""well"":0.0,""teaShears"":0.0,""factory"":39.2,""packaging"":39.2,""tea_shop"":39.2,""havva"":39.2,""warehouse"":151.2,""teaHarvesterMotor"":1034.826027}","[{""id"":""turhan"",""level"":6,""xp"":310,""nextXp"":525,""equipment"":""teaShears"",""points"":5,""harvestPoints"":0,""movementPoints"":0,""harvestSeconds"":4.545455,""movementSpeed"":2.0,""utilization"":0.17077746126589313,""harvests"":131}]","1","1","[1]","3275","0","0","0","75","0","32","200","0","22","85","10","345","355","355","345","9","1","2","0.028900921172913298","0.6172268907563025","0.08992553042012083","0.04948685505412625","0","0","132","262","151.2","981.2","181.2","211.2","46.0","","40.5","1","1","2","1","1","1","600.0","500","6750","0","Müşteri talebi","3600","8.75"
"U_truckCapacity","10101","300.0","5.0","15000","5250","2250","0","12000","-9750","450.0","3","162","{""1"":0.0,""2"":39.2,""3"":151.2}","{""field"":0.0,""collection_center"":0.0,""road"":0.0,""well"":0.0,""teaShears"":0.0,""factory"":39.2,""packaging"":39.2,""tea_shop"":39.2,""havva"":39.2,""warehouse"":151.2}","[{""id"":""turhan"",""level"":2,""xp"":50,""nextXp"":100,""equipment"":""teaShears"",""points"":1,""harvestPoints"":0,""movementPoints"":0,""harvestSeconds"":4.901961,""movementSpeed"":2.0,""utilization"":0.16764459346186086,""harvests"":10}]","1","1","[1]","250","0","0","0","50","0","2","0","0","2","15","10","15","25","25","15","9","1","2","0.40254652301665034","0.6324074074074074","0.07736943907156674","0.06237816764132553","0","0","10","20","151.2","","181.2","211.2","46.0","","40.5","1","1","1","1","1","1","","","","0","Tarla büyümesi / hammadde","300","8.75"
"U_truckCapacity","10101","900.0","15.0","15000","13500","11250","0","12750","-1500","750.0","5","278","{""1"":0.0,""2"":39.2,""3"":151.2,""4"":359.713731,""5"":651.481167}","{""field"":0.0,""collection_center"":0.0,""road"":0.0,""well"":0.0,""teaShears"":0.0,""factory"":39.2,""packaging"":39.2,""tea_shop"":39.2,""havva"":39.2,""warehouse"":151.2}","[{""id"":""turhan"",""level"":3,""xp"":170,""nextXp"":175,""equipment"":""teaShears"",""points"":2,""harvestPoints"":0,""movementPoints"":0,""harvestSeconds"":4.807692,""movementSpeed"":2.0,""utilization"":0.17283607013637628,""harvests"":32}]","1","1","[1]","800","0","0","0","0","100","7","0","0","7","55","10","75","85","85","75","9","1","2","0.12014030985092078","0.6209770114942529","0.08386721025043681","0.06538237011091652","0","0","32","64","151.2","","181.2","211.2","46.0","","40.5","2","1","1","1","1","1","600.0","750","6750","0","Müşteri talebi","900","8.75"
"U_truckCapacity","10101","1800.0","30.0","15000","27000","24750","0","12750","12000","825.0","7","227","{""1"":0.0,""2"":39.2,""3"":151.2,""4"":359.713731,""5"":651.481167,""6"":1034.826027,""7"":1591.682646}","{""field"":0.0,""collection_center"":0.0,""road"":0.0,""well"":0.0,""teaShears"":0.0,""factory"":39.2,""packaging"":39.2,""tea_shop"":39.2,""havva"":39.2,""warehouse"":151.2,""teaHarvesterMotor"":1034.826027}","[{""id"":""turhan"",""level"":5,""xp"":50,""nextXp"":400,""equipment"":""teaShears"",""points"":4,""harvestPoints"":0,""movementPoints"":0,""harvestSeconds"":4.62963,""movementSpeed"":2.0,""utilization"":0.17280689559293758,""harvests"":65}]","1","1","[1]","1625","0","0","0","25","0","16","60","0","13","85","10","165","175","175","165","9","1","2","0.0585386697051702","0.6186440677966102","0.09098663633778789","0.0592086535724452","0","0","65","130","151.2","1001.2","181.2","211.2","46.0","","40.5","2","1","1","1","1","1","600.0","750","6750","0","Müşteri talebi","1800","8.75"
"U_truckCapacity","10101","3600.0","60.0","15000","54000","51750","0","12750","39000","862.5","9","500","{""1"":0.0,""2"":39.2,""3"":151.2,""4"":359.713731,""5"":651.481167,""6"":1034.826027,""7"":1591.682646,""8"":2289.398135,""9"":3124.73826}","{""field"":0.0,""collection_center"":0.0,""road"":0.0,""well"":0.0,""teaShears"":0.0,""factory"":39.2,""packaging"":39.2,""tea_shop"":39.2,""havva"":39.2,""warehouse"":151.2,""teaHarvesterMotor"":1034.826027}","[{""id"":""turhan"",""level"":6,""xp"":310,""nextXp"":525,""equipment"":""teaShears"",""points"":5,""harvestPoints"":0,""movementPoints"":0,""harvestSeconds"":4.545455,""movementSpeed"":2.0,""utilization"":0.17077746126589313,""harvests"":131}]","1","1","[1]","3275","0","0","0","75","0","32","200","0","22","85","10","345","355","355","345","9","1","2","0.028900921172913298","0.6172268907563025","0.08992553042012083","0.04948685505412625","0","0","132","262","151.2","1001.2","181.2","211.2","46.0","","40.5","2","1","1","1","1","1","600.0","750","6750","0","Müşteri talebi","3600","8.75"
"U_truckSpeed","10101","300.0","5.0","15000","5250","2250","0","12000","-9750","450.0","3","162","{""1"":0.0,""2"":39.2,""3"":151.2}","{""field"":0.0,""collection_center"":0.0,""road"":0.0,""well"":0.0,""teaShears"":0.0,""factory"":39.2,""packaging"":39.2,""tea_shop"":39.2,""havva"":39.2,""warehouse"":151.2}","[{""id"":""turhan"",""level"":2,""xp"":50,""nextXp"":100,""equipment"":""teaShears"",""points"":1,""harvestPoints"":0,""movementPoints"":0,""harvestSeconds"":4.901961,""movementSpeed"":2.0,""utilization"":0.16764459346186086,""harvests"":10}]","1","1","[1]","250","0","0","0","50","0","2","0","0","2","15","10","15","25","25","15","9","1","2","0.40254652301665034","0.6324074074074074","0.07736943907156674","0.06237816764132553","0","0","10","20","151.2","","181.2","211.2","46.0","","40.5","1","1","1","1","1","1","","","","0","Tarla büyümesi / hammadde","300","8.75"
"U_truckSpeed","10101","900.0","15.0","15000","13500","11250","0","12750","-1500","750.0","5","278","{""1"":0.0,""2"":39.2,""3"":151.2,""4"":359.713731,""5"":650.646392}","{""field"":0.0,""collection_center"":0.0,""road"":0.0,""well"":0.0,""teaShears"":0.0,""factory"":39.2,""packaging"":39.2,""tea_shop"":39.2,""havva"":39.2,""warehouse"":151.2}","[{""id"":""turhan"",""level"":3,""xp"":170,""nextXp"":175,""equipment"":""teaShears"",""points"":2,""harvestPoints"":0,""movementPoints"":0,""harvestSeconds"":4.807692,""movementSpeed"":2.0,""utilization"":0.17311438908989701,""harvests"":32}]","1","1","[1]","800","0","0","0","0","100","7","0","0","7","55","10","75","85","85","75","9","1","2","0.12014030985092078","0.6126436781609196","0.08707047175305765","0.06538237011091652","0","0","32","64","151.2","","181.2","211.2","46.0","","40.5","1","2","1","1","1","1","600.0","750","6750","0","Müşteri talebi","900","8.75"
"U_truckSpeed","10101","1800.0","30.0","15000","27000","24750","0","12750","12000","825.0","7","227","{""1"":0.0,""2"":39.2,""3"":151.2,""4"":359.713731,""5"":650.646392,""6"":1031.069548,""7"":1591.2}","{""field"":0.0,""collection_center"":0.0,""road"":0.0,""well"":0.0,""teaShears"":0.0,""factory"":39.2,""packaging"":39.2,""tea_shop"":39.2,""havva"":39.2,""warehouse"":151.2,""teaHarvesterMotor"":1031.069548}","[{""id"":""turhan"",""level"":5,""xp"":50,""nextXp"":400,""equipment"":""teaShears"",""points"":4,""harvestPoints"":0,""movementPoints"":0,""harvestSeconds"":4.62963,""movementSpeed"":2.0,""utilization"":0.17489225636035033,""harvests"":65}]","1","1","[1]","1625","0","0","0","25","0","16","60","0","13","85","10","165","175","175","165","9","1","2","0.0585386697051702","0.6028248587570622","0.09098663633778789","0.0592086535724452","0","0","66","130","151.2","1001.2","181.2","211.2","46.0","","40.5","1","2","1","1","1","1","600.0","750","6750","0","Müşteri talebi","1800","8.75"
"U_truckSpeed","10101","3600.0","60.0","15000","54000","51750","0","12750","39000","862.5","9","518","{""1"":0.0,""2"":39.2,""3"":151.2,""4"":359.713731,""5"":650.646392,""6"":1031.069548,""7"":1591.2,""8"":2276.041769,""9"":3112.512397}","{""field"":0.0,""collection_center"":0.0,""road"":0.0,""well"":0.0,""teaShears"":0.0,""factory"":39.2,""packaging"":39.2,""tea_shop"":39.2,""havva"":39.2,""warehouse"":151.2,""teaHarvesterMotor"":1031.069548}","[{""id"":""turhan"",""level"":6,""xp"":320,""nextXp"":525,""equipment"":""teaShears"",""points"":5,""harvestPoints"":0,""movementPoints"":0,""harvestSeconds"":4.545455,""movementSpeed"":2.0,""utilization"":0.17181963454457028,""harvests"":132}]","1","1","[1]","3300","0","0","0","0","100","32","200","0","22","85","10","345","355","355","345","9","1","2","0.028900921172913298","0.6025210084033613","0.09069832794716876","0.04948685505412625","0","0","132","264","151.2","1001.2","181.2","211.2","46.0","","40.5","1","2","1","1","1","1","600.0","750","6750","0","Müşteri talebi","3600","8.75"
"U_factorySpeed","10101","300.0","5.0","15000","5250","2250","0","12000","-9750","450.0","3","162","{""1"":0.0,""2"":39.2,""3"":151.2}","{""field"":0.0,""collection_center"":0.0,""road"":0.0,""well"":0.0,""teaShears"":0.0,""factory"":39.2,""packaging"":39.2,""tea_shop"":39.2,""havva"":39.2,""warehouse"":151.2}","[{""id"":""turhan"",""level"":2,""xp"":50,""nextXp"":100,""equipment"":""teaShears"",""points"":1,""harvestPoints"":0,""movementPoints"":0,""harvestSeconds"":4.901961,""movementSpeed"":2.0,""utilization"":0.16764459346186086,""harvests"":10}]","1","1","[1]","250","0","0","0","50","0","2","0","0","2","15","10","15","25","25","15","9","1","2","0.40254652301665034","0.6324074074074074","0.07736943907156674","0.06237816764132553","0","0","10","20","151.2","","181.2","211.2","46.0","","40.5","1","1","1","1","1","1","","","","0","Tarla büyümesi / hammadde","300","8.75"
"U_factorySpeed","10101","900.0","15.0","15000","13250","11250","0","13000","-1750","750.0","5","278","{""1"":0.0,""2"":39.2,""3"":151.2,""4"":359.713731,""5"":651.481167}","{""field"":0.0,""collection_center"":0.0,""road"":0.0,""well"":0.0,""teaShears"":0.0,""factory"":39.2,""packaging"":39.2,""tea_shop"":39.2,""havva"":39.2,""warehouse"":151.2}","[{""id"":""turhan"",""level"":3,""xp"":170,""nextXp"":175,""equipment"":""teaShears"",""points"":2,""harvestPoints"":0,""movementPoints"":0,""harvestSeconds"":4.807692,""movementSpeed"":2.0,""utilization"":0.17283607013637628,""harvests"":32}]","1","1","[1]","800","0","0","0","0","100","7","0","0","7","55","10","75","85","85","75","9","1","2","0.12014030985092078","0.6209770114942529","0.07979033197437391","0.06538237011091652","0","0","32","64","151.2","","181.2","211.2","46.0","","40.5","1","1","1","2","1","1","600.0","1000","6750","0","Müşteri talebi","900","8.75"
"U_factorySpeed","10101","1800.0","30.0","15000","26750","24750","0","13000","11750","825.0","7","227","{""1"":0.0,""2"":39.2,""3"":151.2,""4"":359.713731,""5"":651.481167,""6"":1034.826027,""7"":1591.682646}","{""field"":0.0,""collection_center"":0.0,""road"":0.0,""well"":0.0,""teaShears"":0.0,""factory"":39.2,""packaging"":39.2,""tea_shop"":39.2,""havva"":39.2,""warehouse"":151.2,""teaHarvesterMotor"":1034.826027}","[{""id"":""turhan"",""level"":5,""xp"":50,""nextXp"":400,""equipment"":""teaShears"",""points"":4,""harvestPoints"":0,""movementPoints"":0,""harvestSeconds"":4.62963,""movementSpeed"":2.0,""utilization"":0.17280689559293758,""harvests"":65}]","1","1","[1]","1625","0","0","0","25","0","16","60","0","13","85","10","165","175","175","165","9","1","2","0.0585386697051702","0.6186440677966102","0.08003980665339779","0.0592086535724452","0","0","65","130","151.2","1011.2","181.2","211.2","46.0","","40.5","1","1","1","2","1","1","600.0","1000","6750","0","Müşteri talebi","1800","8.75"
"U_factorySpeed","10101","3600.0","60.0","15000","53750","51750","0","13000","38750","862.5","9","500","{""1"":0.0,""2"":39.2,""3"":151.2,""4"":359.713731,""5"":651.481167,""6"":1034.826027,""7"":1591.682646,""8"":2289.398135,""9"":3124.73826}","{""field"":0.0,""collection_center"":0.0,""road"":0.0,""well"":0.0,""teaShears"":0.0,""factory"":39.2,""packaging"":39.2,""tea_shop"":39.2,""havva"":39.2,""warehouse"":151.2,""teaHarvesterMotor"":1034.826027}","[{""id"":""turhan"",""level"":6,""xp"":310,""nextXp"":525,""equipment"":""teaShears"",""points"":5,""harvestPoints"":0,""movementPoints"":0,""harvestSeconds"":4.545455,""movementSpeed"":2.0,""utilization"":0.17077746126589313,""harvests"":131}]","1","1","[1]","3275","0","0","0","75","0","32","200","0","22","85","10","345","355","355","345","9","1","2","0.028900921172913298","0.6172268907563025","0.07699873542222847","0.04948685505412625","0","0","132","262","151.2","1011.2","181.2","211.2","46.0","","40.5","1","1","1","2","1","1","600.0","1000","6750","0","Müşteri talebi","3600","8.75"
"U_packagingSpeed","10101","300.0","5.0","15000","5250","2250","0","12000","-9750","450.0","3","162","{""1"":0.0,""2"":39.2,""3"":151.2}","{""field"":0.0,""collection_center"":0.0,""road"":0.0,""well"":0.0,""teaShears"":0.0,""factory"":39.2,""packaging"":39.2,""tea_shop"":39.2,""havva"":39.2,""warehouse"":151.2}","[{""id"":""turhan"",""level"":2,""xp"":50,""nextXp"":100,""equipment"":""teaShears"",""points"":1,""harvestPoints"":0,""movementPoints"":0,""harvestSeconds"":4.901961,""movementSpeed"":2.0,""utilization"":0.16764459346186086,""harvests"":10}]","1","1","[1]","250","0","0","0","50","0","2","0","0","2","15","10","15","25","25","15","9","1","2","0.40254652301665034","0.6324074074074074","0.07736943907156674","0.06237816764132553","0","0","10","20","151.2","","181.2","211.2","46.0","","40.5","1","1","1","1","1","1","","","","0","Tarla büyümesi / hammadde","300","8.75"
"U_packagingSpeed","10101","900.0","15.0","15000","13650","11250","0","12600","-1350","750.0","5","278","{""1"":0.0,""2"":39.2,""3"":151.2,""4"":359.713731,""5"":651.481167}","{""field"":0.0,""collection_center"":0.0,""road"":0.0,""well"":0.0,""teaShears"":0.0,""factory"":39.2,""packaging"":39.2,""tea_shop"":39.2,""havva"":39.2,""warehouse"":151.2}","[{""id"":""turhan"",""level"":3,""xp"":170,""nextXp"":175,""equipment"":""teaShears"",""points"":2,""harvestPoints"":0,""movementPoints"":0,""harvestSeconds"":4.807692,""movementSpeed"":2.0,""utilization"":0.17283607013637628,""harvests"":32}]","1","1","[1]","800","0","0","0","0","100","7","0","0","7","55","10","75","85","85","75","9","1","2","0.12014030985092078","0.6209770114942529","0.08386721025043681","0.06217162872154115","0","0","32","64","151.2","","181.2","211.2","46.0","","40.5","1","1","1","1","2","1","600.0","600","6750","0","Müşteri talebi","900","8.75"
"U_packagingSpeed","10101","1800.0","30.0","15000","27150","24750","0","12600","12150","825.0","7","227","{""1"":0.0,""2"":39.2,""3"":151.2,""4"":359.713731,""5"":651.481167,""6"":1034.826027,""7"":1591.682646}","{""field"":0.0,""collection_center"":0.0,""road"":0.0,""well"":0.0,""teaShears"":0.0,""factory"":39.2,""packaging"":39.2,""tea_shop"":39.2,""havva"":39.2,""warehouse"":151.2,""teaHarvesterMotor"":1034.826027}","[{""id"":""turhan"",""level"":5,""xp"":50,""nextXp"":400,""equipment"":""teaShears"",""points"":4,""harvestPoints"":0,""movementPoints"":0,""harvestSeconds"":4.62963,""movementSpeed"":2.0,""utilization"":0.17280689559293758,""harvests"":65}]","1","1","[1]","1625","0","0","0","25","0","16","60","0","13","85","10","165","175","175","165","9","1","2","0.0585386697051702","0.6186440677966102","0.09098663633778789","0.05308852832337034","0","0","65","130","151.2","991.209043","181.2","211.2","46.0","","40.5","1","1","1","1","2","1","600.0","600","6750","0","Müşteri talebi","1800","8.75"
"U_packagingSpeed","10101","3600.0","60.0","15000","54150","51750","0","12600","39150","862.5","9","500","{""1"":0.0,""2"":39.2,""3"":151.2,""4"":359.713731,""5"":651.481167,""6"":1034.826027,""7"":1591.682646,""8"":2289.398135,""9"":3124.73826}","{""field"":0.0,""collection_center"":0.0,""road"":0.0,""well"":0.0,""teaShears"":0.0,""factory"":39.2,""packaging"":39.2,""tea_shop"":39.2,""havva"":39.2,""warehouse"":151.2,""teaHarvesterMotor"":1034.826027}","[{""id"":""turhan"",""level"":6,""xp"":310,""nextXp"":525,""equipment"":""teaShears"",""points"":5,""harvestPoints"":0,""movementPoints"":0,""harvestSeconds"":4.545455,""movementSpeed"":2.0,""utilization"":0.17077746126589313,""harvests"":131}]","1","1","[1]","3275","0","0","0","75","0","32","200","0","22","85","10","345","355","355","345","9","1","2","0.028900921172913298","0.6172268907563025","0.08992553042012083","0.043230704344158585","0","0","132","262","151.2","991.209043","181.2","211.2","46.0","","40.5","1","1","1","1","2","1","600.0","600","6750","0","Müşteri talebi","3600","8.75"
"U_shelfCapacity","10101","300.0","5.0","15000","5250","2250","0","12000","-9750","450.0","3","162","{""1"":0.0,""2"":39.2,""3"":151.2}","{""field"":0.0,""collection_center"":0.0,""road"":0.0,""well"":0.0,""teaShears"":0.0,""factory"":39.2,""packaging"":39.2,""tea_shop"":39.2,""havva"":39.2,""warehouse"":151.2}","[{""id"":""turhan"",""level"":2,""xp"":50,""nextXp"":100,""equipment"":""teaShears"",""points"":1,""harvestPoints"":0,""movementPoints"":0,""harvestSeconds"":4.901961,""movementSpeed"":2.0,""utilization"":0.16764459346186086,""harvests"":10}]","1","1","[1]","250","0","0","0","50","0","2","0","0","2","15","10","15","25","25","15","9","1","2","0.40254652301665034","0.6324074074074074","0.07736943907156674","0.06237816764132553","0","0","10","20","151.2","","181.2","211.2","46.0","","40.5","1","1","1","1","1","1","","","","0","Tarla büyümesi / hammadde","300","8.75"
"U_shelfCapacity","10101","900.0","15.0","15000","13850","11250","0","12400","-1150","750.0","5","278","{""1"":0.0,""2"":39.2,""3"":151.2,""4"":359.713731,""5"":651.481167}","{""field"":0.0,""collection_center"":0.0,""road"":0.0,""well"":0.0,""teaShears"":0.0,""factory"":39.2,""packaging"":39.2,""tea_shop"":39.2,""havva"":39.2,""warehouse"":151.2}","[{""id"":""turhan"",""level"":3,""xp"":170,""nextXp"":175,""equipment"":""teaShears"",""points"":2,""harvestPoints"":0,""movementPoints"":0,""harvestSeconds"":4.807692,""movementSpeed"":2.0,""utilization"":0.17283607013637628,""harvests"":32}]","1","1","[1]","800","0","0","0","0","100","7","0","0","7","50","15","75","85","85","75","9","1","2","0.12014030985092078","0.6209770114942529","0.08386721025043681","0.06538237011091652","0","0","32","64","151.2","","181.2","211.2","46.0","","40.5","1","1","1","1","1","2","600.0","400","6750","0","Müşteri talebi","900","8.75"
"U_shelfCapacity","10101","1800.0","30.0","15000","27350","24750","0","12400","12350","825.0","7","242","{""1"":0.0,""2"":39.2,""3"":151.2,""4"":359.713731,""5"":651.481167,""6"":1034.826027,""7"":1591.682646}","{""field"":0.0,""collection_center"":0.0,""road"":0.0,""well"":0.0,""teaShears"":0.0,""factory"":39.2,""packaging"":39.2,""tea_shop"":39.2,""havva"":39.2,""warehouse"":151.2,""teaHarvesterMotor"":1034.826027}","[{""id"":""turhan"",""level"":5,""xp"":50,""nextXp"":400,""equipment"":""teaShears"",""points"":4,""harvestPoints"":0,""movementPoints"":0,""harvestSeconds"":4.62963,""movementSpeed"":2.0,""utilization"":0.17280689559293758,""harvests"":65}]","1","1","[1]","1625","0","0","0","25","0","16","40","0","14","100","15","165","175","175","165","9","1","2","0.0585386697051702","0.6186440677966102","0.09098663633778789","0.06376316538571022","0","0","65","130","151.2","971.25","181.2","211.2","46.0","","40.5","1","1","1","1","1","2","600.0","400","6750","0","Müşteri talebi","1800","8.75"
"U_shelfCapacity","10101","3600.0","60.0","15000","54350","51750","0","12400","39350","862.5","9","515","{""1"":0.0,""2"":39.2,""3"":151.2,""4"":359.713731,""5"":651.481167,""6"":1034.826027,""7"":1591.682646,""8"":2289.398135,""9"":3124.73826}","{""field"":0.0,""collection_center"":0.0,""road"":0.0,""well"":0.0,""teaShears"":0.0,""factory"":39.2,""packaging"":39.2,""tea_shop"":39.2,""havva"":39.2,""warehouse"":151.2,""teaHarvesterMotor"":1034.826027}","[{""id"":""turhan"",""level"":6,""xp"":310,""nextXp"":525,""equipment"":""teaShears"",""points"":5,""harvestPoints"":0,""movementPoints"":0,""harvestSeconds"":4.545455,""movementSpeed"":2.0,""utilization"":0.17077746126589313,""harvests"":131}]","1","1","[1]","3275","0","0","0","75","0","32","180","0","23","100","15","345","355","355","345","9","1","2","0.028900921172913298","0.6172268907563025","0.08992553042012083","0.051736257556586535","0","0","132","262","151.2","971.25","181.2","211.2","46.0","","40.5","1","1","1","1","1","2","600.0","400","6750","0","Müşteri talebi","3600","8.75"
"U_workerHarvest","10101","300.0","5.0","15000","5250","2250","0","12000","-9750","450.0","3","162","{""1"":0.0,""2"":39.2,""3"":151.2}","{""field"":0.0,""collection_center"":0.0,""road"":0.0,""well"":0.0,""teaShears"":0.0,""factory"":39.2,""packaging"":39.2,""tea_shop"":39.2,""havva"":39.2,""warehouse"":151.2}","[{""id"":""turhan"",""level"":2,""xp"":50,""nextXp"":100,""equipment"":""teaShears"",""points"":1,""harvestPoints"":0,""movementPoints"":0,""harvestSeconds"":4.901961,""movementSpeed"":2.0,""utilization"":0.16764459346186086,""harvests"":10}]","1","1","[1]","250","0","0","0","50","0","2","0","0","2","15","10","15","25","25","15","9","1","2","0.40254652301665034","0.6324074074074074","0.07736943907156674","0.06237816764132553","0","0","10","20","151.2","","181.2","211.2","46.0","","40.5","1","1","1","1","1","1","","","","0","Tarla büyümesi / hammadde","300","8.75"
"U_workerHarvest","10101","900.0","15.0","15000","14250","11250","0","12000","-750","750.0","5","278","{""1"":0.0,""2"":39.2,""3"":151.2,""4"":359.713731,""5"":651.211571}","{""field"":0.0,""collection_center"":0.0,""road"":0.0,""well"":0.0,""teaShears"":0.0,""factory"":39.2,""packaging"":39.2,""tea_shop"":39.2,""havva"":39.2,""warehouse"":151.2}","[{""id"":""turhan"",""level"":3,""xp"":170,""nextXp"":175,""equipment"":""teaShears"",""points"":1,""harvestPoints"":1,""movementPoints"":0,""harvestSeconds"":4.672897,""movementSpeed"":2.0,""utilization"":0.1714444753687726,""harvests"":32}]","1","1","[1]","800","0","0","0","0","100","7","0","0","7","55","10","75","85","85","75","9","1","2","0.12014030985092078","0.6209770114942529","0.0856144437973209","0.06538237011091652","0","0","32","64","151.2","","181.2","211.2","46.0","","40.5","1","1","1","1","1","1","600.0","0","6750","0","Müşteri talebi","900","8.75"
"U_workerHarvest","10101","1800.0","30.0","15000","27750","24750","0","12000","12750","825.0","7","227","{""1"":0.0,""2"":39.2,""3"":151.2,""4"":359.713731,""5"":651.211571,""6"":1032.689181,""7"":1591.2}","{""field"":0.0,""collection_center"":0.0,""road"":0.0,""well"":0.0,""teaShears"":0.0,""factory"":39.2,""packaging"":39.2,""tea_shop"":39.2,""havva"":39.2,""warehouse"":151.2,""teaHarvesterMotor"":1032.689181}","[{""id"":""turhan"",""level"":5,""xp"":50,""nextXp"":400,""equipment"":""teaShears"",""points"":3,""harvestPoints"":1,""movementPoints"":0,""harvestSeconds"":4.504505,""movementSpeed"":2.0,""utilization"":0.17072153482552482,""harvests"":65}]","1","1","[1]","1625","0","0","0","25","0","16","60","0","13","85","10","165","175","175","165","9","1","2","0.0585386697051702","0.6179378531073446","0.09098663633778789","0.0592086535724452","0","0","66","130","151.2","951.227714","181.2","211.2","46.0","","40.5","1","1","1","1","1","1","600.0","0","6750","0","Müşteri talebi","1800","8.75"
"U_workerHarvest","10101","3600.0","60.0","15000","54750","51750","0","12000","39750","862.5","9","508","{""1"":0.0,""2"":39.2,""3"":151.2,""4"":359.713731,""5"":651.211571,""6"":1032.689181,""7"":1591.2,""8"":2281.397452,""9"":3120.520993}","{""field"":0.0,""collection_center"":0.0,""road"":0.0,""well"":0.0,""teaShears"":0.0,""factory"":39.2,""packaging"":39.2,""tea_shop"":39.2,""havva"":39.2,""warehouse"":151.2,""teaHarvesterMotor"":1032.689181}","[{""id"":""turhan"",""level"":6,""xp"":320,""nextXp"":525,""equipment"":""teaShears"",""points"":4,""harvestPoints"":1,""movementPoints"":0,""harvestSeconds"":4.424779,""movementSpeed"":2.0,""utilization"":0.168276245397068,""harvests"":132}]","1","1","[1]","3300","0","0","25","75","0","32","200","0","22","85","10","345","355","355","345","9","1","2","0.028900921172913298","0.6197478991596639","0.08992553042012083","0.04948685505412625","0","0","132","264","151.2","951.227714","181.2","211.2","46.0","","40.5","1","1","1","1","1","1","600.0","0","6750","0","Müşteri talebi","3600","8.75"
"U_workerMovement","10101","300.0","5.0","15000","5250","2250","0","12000","-9750","450.0","3","162","{""1"":0.0,""2"":39.2,""3"":151.2}","{""field"":0.0,""collection_center"":0.0,""road"":0.0,""well"":0.0,""teaShears"":0.0,""factory"":39.2,""packaging"":39.2,""tea_shop"":39.2,""havva"":39.2,""warehouse"":151.2}","[{""id"":""turhan"",""level"":2,""xp"":50,""nextXp"":100,""equipment"":""teaShears"",""points"":1,""harvestPoints"":0,""movementPoints"":0,""harvestSeconds"":4.901961,""movementSpeed"":2.0,""utilization"":0.16764459346186086,""harvests"":10}]","1","1","[1]","250","0","0","0","50","0","2","0","0","2","15","10","15","25","25","15","9","1","2","0.40254652301665034","0.6324074074074074","0.07736943907156674","0.06237816764132553","0","0","10","20","151.2","","181.2","211.2","46.0","","40.5","1","1","1","1","1","1","","","","0","Tarla büyümesi / hammadde","300","8.75"
"U_workerMovement","10101","900.0","15.0","15000","14250","11250","0","12000","-750","750.0","5","278","{""1"":0.0,""2"":39.2,""3"":151.2,""4"":359.713731,""5"":651.481167}","{""field"":0.0,""collection_center"":0.0,""road"":0.0,""well"":0.0,""teaShears"":0.0,""factory"":39.2,""packaging"":39.2,""tea_shop"":39.2,""havva"":39.2,""warehouse"":151.2}","[{""id"":""turhan"",""level"":3,""xp"":170,""nextXp"":175,""equipment"":""teaShears"",""points"":1,""harvestPoints"":0,""movementPoints"":1,""harvestSeconds"":4.807692,""movementSpeed"":2.04,""utilization"":0.17283607013637628,""harvests"":32}]","1","1","[1]","800","0","0","0","0","100","7","0","0","7","55","10","75","85","85","75","9","1","2","0.12014030985092078","0.6209770114942529","0.08386721025043681","0.06538237011091652","0","0","32","64","151.2","","181.2","211.2","46.0","","40.5","1","1","1","1","1","1","600.0","0","6750","0","Müşteri talebi","900","8.75"
"U_workerMovement","10101","1800.0","30.0","15000","27750","24750","0","12000","12750","825.0","7","227","{""1"":0.0,""2"":39.2,""3"":151.2,""4"":359.713731,""5"":651.481167,""6"":1034.826027,""7"":1591.682646}","{""field"":0.0,""collection_center"":0.0,""road"":0.0,""well"":0.0,""teaShears"":0.0,""factory"":39.2,""packaging"":39.2,""tea_shop"":39.2,""havva"":39.2,""warehouse"":151.2,""teaHarvesterMotor"":1034.826027}","[{""id"":""turhan"",""level"":5,""xp"":50,""nextXp"":400,""equipment"":""teaShears"",""points"":3,""harvestPoints"":0,""movementPoints"":1,""harvestSeconds"":4.62963,""movementSpeed"":2.04,""utilization"":0.17280689559293758,""harvests"":65}]","1","1","[1]","1625","0","0","0","25","0","16","60","0","13","85","10","165","175","175","165","9","1","2","0.0585386697051702","0.6186440677966102","0.09098663633778789","0.0592086535724452","0","0","65","130","151.2","951.25","181.2","211.2","46.0","","40.5","1","1","1","1","1","1","600.0","0","6750","0","Müşteri talebi","1800","8.75"
"U_workerMovement","10101","3600.0","60.0","15000","54750","51750","0","12000","39750","862.5","9","500","{""1"":0.0,""2"":39.2,""3"":151.2,""4"":359.713731,""5"":651.481167,""6"":1034.826027,""7"":1591.682646,""8"":2289.398135,""9"":3124.73826}","{""field"":0.0,""collection_center"":0.0,""road"":0.0,""well"":0.0,""teaShears"":0.0,""factory"":39.2,""packaging"":39.2,""tea_shop"":39.2,""havva"":39.2,""warehouse"":151.2,""teaHarvesterMotor"":1034.826027}","[{""id"":""turhan"",""level"":6,""xp"":310,""nextXp"":525,""equipment"":""teaShears"",""points"":4,""harvestPoints"":0,""movementPoints"":1,""harvestSeconds"":4.545455,""movementSpeed"":2.04,""utilization"":0.17077746126589313,""harvests"":131}]","1","1","[1]","3275","0","0","0","75","0","32","200","0","22","85","10","345","355","355","345","9","1","2","0.028900921172913298","0.6172268907563025","0.08992553042012083","0.04948685505412625","0","0","132","262","151.2","951.25","181.2","211.2","46.0","","40.5","1","1","1","1","1","1","600.0","0","6750","0","Müşteri talebi","3600","8.75"